{"rightCamera": {"distCoeffs": [[-0.3177125425415549, 0.0937427579184015, 0.0, 0.0, -0.01123880283615896]], "cameraMatrix": [[1069.4078429808278, 0.0, 1029.898781618324], [0.0, 1069.4078429808278, 805.1568969508324], [0.0, 0.0, 1.0]], "projectionMatrix": [[846.3638873201958, 0.0, 1436.6059596538544, -129734.16928101458], [0.0, 846.3638873201958, 835.9453680813313, 0.0], [0.0, 0.0, 1.0, 0.0]], "rotationMatrix": [[0.999718347258303, 0.008066542779325163, -0.02231943195326981], [-0.007968018768186006, 0.9999581308646496, 0.004499688276562951], [0.022354794385928935, -0.00432057927432417, 0.9997407642797692]]}, "stereo": {"baselineCm": 16, "R": [[0.999999271898761, 0.0006913295627413735, -0.0009890729920398842], [-0.0007000239438853077, 0.9999608821719402, -0.00881726104825208], [0.0009829386684275714, 0.008817947003170064, 0.99996063804643]], "T": [[-153.2409773616412], [-1.2364731554874193], [3.421215161305458]], "imageWidth": 2048, "focalLengthPx": 1057.978466, "imageHeight": 1536}, "leftCamera": {"distCoeffs": [[-0.328677279128373, 0.10597423024944745, 0.0, 0.0, -0.014397361873958752]], "cameraMatrix": [[1069.4078429808278, 0.0, 1015.2276644210135], [0.0, 1069.4078429808278, 780.743917509683], [0.0, 0.0, 1.0]], "projectionMatrix": [[846.3638873201958, 0.0, 1436.6059596538544, 0.0], [0.0, 846.3638873201958, 835.9453680813313, 0.0], [0.0, 0.0, 1.0, 0.0]], "rotationMatrix": [[0.9996900339563215, 0.0085605505134611, -0.023378472647186812], [-0.00866358468354623, 0.999953184160242, -0.004309499764942902], [0.023340486473932033, 0.004510705343901401, 0.9997173976821954]]}}